# Flash map for the reTerminal E1004, which has 32 MB where the XIAO Plus has
# 16. The app slot is the same 2 MB, single, no OTA; the rest is the plates
# filesystem, given to one regional pack - baked with --fit to fill it, at
# about one and a half times the XIAO's sprite size - with the region chosen
# at flash time, as on the XIAO. See partitions-plates-16mb.csv for why
# LittleFS and why one file per pack.
#
# name,     type, subtype,  offset,    size,      flags
nvs,        data, nvs,      0x9000,    0x5000,
phy_init,   data, phy,      0xE000,    0x1000,
factory,    app,  factory,  0x10000,   0x200000,
plates,     data, spiffs,   0x210000,  0x1DF0000,
